{"cameraMode":{"drawMode":0,"name":"Shaded","section":"Shading Mode"},"sceneLighting":false,"audioPlay":false,"sceneViewState":{"showFog":true,"showMaterialUpdate":false,"showSkybox":false,"showFlares":true,"showImageEffects":true,"showParticleSystems":true},"in2DMode":false,"pivot":{"x":2.9239816665649416,"y":7.523040771484375,"z":-7.679999828338623},"rotation":{"x":-0.21765005588531495,"y":0.3673725426197052,"z":-0.08885542303323746,"w":-0.8998743891716003},"size":2.857884645462036,"orthographic":false}