{"cameraMode":{"drawMode":0,"name":"Shaded","section":"Shading Mode"},"sceneLighting":true,"audioPlay":false,"sceneViewState":{"showFog":true,"showMaterialUpdate":false,"showSkybox":true,"showFlares":true,"showImageEffects":true,"showParticleSystems":true},"in2DMode":false,"pivot":{"x":4.421260356903076,"y":7.9986958503723148,"z":-5.870835781097412},"rotation":{"x":-0.21765005588531495,"y":0.3673725426197052,"z":-0.08885542303323746,"w":-0.8998743891716003},"size":16.2980899810791,"orthographic":false}